Date,Open,High,Low,Close,Volume,Dividends,Stock Splits,ILLIQ
2020-09-18,10.25,10.25,9.81999969482422,9.890000343322754,564300,0,0,7.620065659680688e-07
2020-09-21,9.899999618530272,9.960000038146973,9.859999656677246,9.859999656677246,762800,0,0,1.3109646233577157e-07
2020-09-22,9.960000038146973,9.960000038146973,9.850000381469728,9.880000114440918,1280800,0,0,8.588355455750009e-08
2020-09-23,9.899999618530272,9.904999732971191,9.789999961853027,9.850000381469728,192600,0,0,5.970912311431156e-07
2020-09-24,9.850000381469728,9.850000381469728,9.75,9.770000457763672,605500,0,0,1.6515339631664172e-07
2020-09-25,9.770000457763672,9.850000381469728,9.770000457763672,9.8100004196167,692500,0,0,1.1552335553220893e-07
2020-09-28,9.899999618530272,9.9399995803833,9.829999923706056,9.829999923706056,72300,0,0,1.521433702313224e-06
2020-09-29,9.880000114440918,9.880000114440918,9.760000228881836,9.779999732971191,189600,0,0,6.329107888137238e-07
2020-09-30,9.850000381469728,9.850000381469728,9.770000457763672,9.779999732971191,546200,0,0,1.46466356107753e-07
2020-10-01,9.850000381469728,9.850000381469728,9.739999771118164,9.760000228881836,1068500,0,0,1.0294862924806973e-07
2020-10-02,9.729999542236328,9.800000190734863,9.729999542236328,9.739999771118164,3925700,0,0,1.7831380008287732e-08
2020-10-05,9.800000190734863,9.800000190734863,9.6899995803833,9.710000038146973,3148000,0,0,3.49430147241304e-08
2020-10-06,9.739999771118164,9.75,9.670000076293944,9.68000030517578,1902400,0,0,4.2052104555327325e-08
2020-10-07,9.720000267028809,9.75,9.670000076293944,9.710000038146973,1325400,0,0,6.035907930138425e-08
2020-10-08,9.699999809265137,9.75,9.699999809265137,9.717000007629396,550300,0,0,9.085987776642429e-08
2020-10-09,9.760000228881836,9.770000457763672,9.722000122070312,9.75,2401500,0,0,1.9987647592487768e-08
2020-10-12,9.81999969482422,9.81999969482422,9.729999542236328,9.729999542236328,172300,0,0,5.223456331276299e-07
2020-10-13,9.850000381469728,9.850000381469728,9.670000076293944,9.699999809265137,1623900,0,0,1.1084445173704122e-07
2020-10-14,9.75,9.770000457763672,9.68000030517578,9.68000030517578,2177900,0,0,4.132428145823528e-08
2020-10-15,9.670000076293944,9.720000267028809,9.649999618530272,9.68000030517578,348000,0,0,2.0115128878889413e-07
2020-10-16,9.6899995803833,9.704999923706056,9.670000076293944,9.68000030517578,305000,0,0,1.1475359807248981e-07
2020-10-19,9.710000038146973,9.729999542236328,9.677000045776367,9.68000030517578,348700,0,0,1.5199167324336374e-07
2020-10-20,9.710000038146973,9.739999771118164,9.670000076293944,9.670000076293944,78200,0,0,8.951367624580403e-07
2020-10-21,9.729999542236328,9.729999542236328,9.649999618530272,9.65999984741211,292300,0,0,2.7369115191944813e-07
2020-10-22,9.65999984741211,9.670000076293944,9.630000114440918,9.649999618530272,1441900,0,0,2.7741148382708472e-08
2020-10-23,9.649999618530272,9.699999809265137,9.630000114440918,9.630000114440918,2067800,0,0,3.385225593588294e-08
2020-10-26,9.649999618530272,9.65999984741211,9.640000343322754,9.649999618530272,2394800,0,0,8.351221016099662e-09
2020-10-27,9.649999618530272,9.699999809265137,9.640000343322754,9.649999618530272,304100,0,0,1.973017623886314e-07
2020-10-28,9.739999771118164,9.739999771118164,9.630000114440918,9.649999618530272,1571500,0,0,6.999659985825395e-08
2020-10-29,9.65999984741211,9.699999809265137,9.619999885559082,9.649999618530272,1652900,0,0,4.839973604335089e-08
2020-10-30,9.649999618530272,9.6899995803833,9.600000381469728,9.630000114440918,1154300,0,0,7.796863806079375e-08
2020-11-02,9.630000114440918,9.640000343322754,9.600000381469728,9.630000114440918,716700,0,0,5.5811304385415575e-08
2020-11-03,9.630000114440918,9.699999809265137,9.619999885559082,9.6899995803833,189800,0,0,4.214959099370637e-07
2020-11-04,9.699999809265137,9.729999542236328,9.68000030517578,9.6899995803833,509800,0,0,9.80761809740033e-08
2020-11-05,9.760000228881836,9.779999732971191,9.729999542236328,9.770000457763672,1534500,0,0,3.2584027849373274e-08
2020-11-06,9.789999961853027,9.789999961853027,9.720000267028809,9.720000267028809,1444000,0,0,4.8476242953060086e-08
2020-11-09,9.699999809265137,9.725000381469728,9.65999984741211,9.670000076293944,163500,0,0,3.975567832270164e-07
2020-11-10,9.65999984741211,9.800000190734863,9.65999984741211,9.699999809265137,714700,0,0,1.9588686626941921e-07
2020-11-11,9.6899995803833,9.739999771118164,9.65999984741211,9.68000030517578,724500,0,0,1.1042087468054477e-07
2020-11-12,9.670000076293944,9.720000267028809,9.670000076293944,9.699999809265137,1502000,0,0,3.328907505650019e-08
2020-11-13,9.739999771118164,9.739999771118164,9.6899995803833,9.6899995803833,754800,0,0,6.624296599743414e-08
2020-11-16,9.699999809265137,9.729999542236328,9.6850004196167,9.699999809265137,151300,0,0,2.974165407774548e-07
2020-11-17,9.720000267028809,9.720000267028809,9.6899995803833,9.710000038146973,46000,0,0,6.52188840119735e-07
2020-11-18,9.739999771118164,9.739999771118164,9.670000076293944,9.739999771118164,301700,0,0,2.32017549964265e-07
2020-11-19,9.75,9.800000190734863,9.699999809265137,9.720000267028809,44500,0,0,2.247199583589361e-06
2020-11-20,9.710000038146973,9.734999656677246,9.6899995803833,9.710000038146973,995900,0,0,4.5185336172251547e-08
2020-11-23,9.789999961853027,9.789999961853027,9.710000038146973,9.75,134400,0,0,5.952375275748117e-07
2020-11-24,9.779999732971191,9.779999732971191,9.699999809265137,9.760000228881836,57200,0,0,1.398600064791166e-06
2020-11-25,9.760000228881836,9.765999794006348,9.699999809265137,9.760000228881836,1332400,0,0,4.953466281988213e-08
2020-11-27,9.800000190734863,9.850000381469728,9.770000457763672,9.829999923706056,416200,0,0,1.9221509780407185e-07
2020-11-30,9.880000114440918,9.899999618530272,9.826000213623049,9.880000114440918,1623700,0,0,4.557455497150124e-08
2020-12-01,9.869999885559082,9.880000114440918,9.81999969482422,9.880000114440918,1394300,0,0,4.303264693157801e-08
2020-12-02,9.880000114440918,9.885000228881836,9.84000015258789,9.869999885559082,1441000,0,0,3.122836661620077e-08
2020-12-03,9.880000114440918,9.880000114440918,9.859999656677246,9.869999885559082,513200,0,0,3.897205331970357e-08
2020-12-04,9.880000114440918,9.890000343322754,9.859999656677246,9.880000114440918,405400,0,0,7.400268042799166e-08
2020-12-07,9.880000114440918,9.979999542236328,9.869999885559082,9.9399995803833,2085300,0,0,5.2750039168103444e-08
2020-12-08,9.9399995803833,9.979999542236328,9.829999923706056,9.859999656677246,2296400,0,0,6.531946460994315e-08
2020-12-09,9.890000343322754,9.970000267028809,9.84000015258789,9.920000076293944,3394300,0,0,3.8299535822089375e-08
2020-12-10,9.93000030517578,9.93000030517578,9.880000114440918,9.90999984741211,7606800,0,0,6.5730912781804814e-09
2020-12-11,9.960000038146973,9.960000038146973,9.90999984741211,9.9399995803833,900000,0,0,5.555576748318144e-08
2020-12-14,9.960000038146973,9.979999542236328,9.9399995803833,9.979999542236328,1982500,0,0,2.0176525524856164e-08
2020-12-15,9.970000267028809,10.029999732971191,9.899999618530272,9.970000267028809,1162400,0,0,1.1183767587828457e-07
2020-12-16,9.949999809265137,10.0,9.9399995803833,9.94499969482422,1191600,0,0,5.0352819416498177e-08
2020-12-17,9.979999542236328,10.0,9.94499969482422,9.970000267028809,1483600,0,0,3.707219275800839e-08
2020-12-18,9.979999542236328,9.979999542236328,9.949999809265137,9.960000038146973,869000,0,0,3.4522132302866985e-08
2020-12-21,9.979999542236328,10.0,9.960000038146973,9.970000267028809,532800,0,0,7.507500347790418e-08
2020-12-22,10.029999732971191,10.029999732971191,9.970000267028809,10.0,755600,0,0,7.940638690098307e-08
2020-12-23,10.029999732971191,10.029999732971191,9.994999885559082,10.029999732971191,2353700,0,0,1.4870139530148012e-08
2020-12-24,10.079999923706056,10.100000381469728,10.010000228881836,10.039999961853027,2093000,0,0,4.300055068699982e-08
2020-12-28,10.109999656677246,10.18000030517578,10.039999961853027,10.079999923706056,4067900,0,0,3.4415876329986945e-08
2020-12-29,10.100000381469728,10.109999656677246,10.029999732971191,10.0600004196167,1784600,0,0,4.4827929903650505e-08
2020-12-30,10.039999961853027,10.079999923706056,10.020000457763672,10.06999969482422,3152700,0,0,1.9031137102287825e-08
2020-12-31,10.06999969482422,10.06999969482422,10.010000228881836,10.010000228881836,1266200,0,0,4.7385457228228416e-08
2021-01-04,10.029999732971191,10.079999923706056,10.020000457763672,10.039999961853027,1172700,0,0,5.1163525149128354e-08
2021-01-05,10.039999961853027,10.039999961853027,10.0,10.020000457763672,685700,0,0,5.833449300426913e-08
2021-01-06,10.0,10.020000457763672,10.0,10.010000228881836,636600,0,0,3.1417621369261504e-08
2021-01-07,10.0,10.039999961853027,10.0,10.029999732971191,1075500,0,0,3.719196825014165e-08
2021-01-08,10.050000190734863,10.050000190734863,10.020000457763672,10.029999732971191,738200,0,0,4.0639031388771894e-08
2021-01-11,10.050000190734863,14.0,10.029999732971191,13.199999809265137,108167500,0,0,3.670233912246109e-08
2021-01-12,14.989999771118164,15.630000114440918,13.0,14.149999618530272,112100500,0,0,2.346109173858205e-08
2021-01-13,15.100000381469728,17.1200008392334,14.5,16.719999313354492,94091500,0,0,2.7845244673890824e-08
2021-01-14,18.709999084472656,20.13999938964844,16.100000381469727,17.360000610351562,140983000,0,0,2.8655930205618485e-08
2021-01-15,17.809999465942383,21.0,16.200000762939453,18.36000061035156,184854200,0,0,2.5966406157179804e-08
2021-01-19,18.049999237060547,18.690000534057617,17.5,17.899999618530273,68336400,0,0,1.7413860461739528e-08
2021-01-20,18.350000381469727,18.729999542236328,17.799999237060547,18.059999465942383,27627700,0,0,3.366187938828716e-08
2021-01-21,18.09000015258789,18.25,17.110000610351562,17.809999465942383,23590500,0,0,4.8324511546954814e-08
2021-01-22,18.489999771118164,22.670000076293945,18.0,22.350000381469727,94164500,0,0,4.9594062266501136e-08
2021-01-25,26.770000457763672,27.299999237060547,18.549999237060547,24.950000762939453,117369700,0,0,7.455075713748948e-08
2021-01-26,24.3700008392334,24.65999984741211,22.3700008392334,24.440000534057617,41562200,0,0,5.5098118198235686e-08
2021-01-27,21.290000915527344,23.32999992370605,20.450000762939453,21.14999961853028,44960800,0,0,6.405578105297507e-08
2021-01-28,21.34000015258789,22.8799991607666,20.01000022888184,22.32999992370605,33334100,0,0,8.60979877028258e-08
2021-01-29,21.700000762939453,24.350000381469727,21.209999084472656,22.8799991607666,34280400,0,0,9.159756878557633e-08
2021-02-01,23.63999938964844,25.96999931335449,22.729999542236328,25.200000762939453,43231900,0,0,7.494465362656197e-08
2021-02-02,27.979999542236328,35.18000030517578,26.459999084472656,32.13999938964844,100196700,0,0,8.702882650529534e-08
2021-02-03,32.349998474121094,34.5,27.575000762939453,29.489999771118164,85281200,0,0,8.120194412204037e-08
2021-02-04,29.0,31.450000762939453,26.1299991607666,30.21999931335449,45385200,0,0,1.172188643472509e-07
2021-02-05,30.89999961853028,36.0,30.700000762939453,34.650001525878906,66665300,0,0,7.950161833908416e-08
2021-02-08,34.16999816894531,34.97999954223633,30.299999237060547,32.880001068115234,35684300,0,0,1.3115012218751054e-07
2021-02-09,31.700000762939453,33.689998626708984,30.21999931335449,33.310001373291016,28973300,0,0,1.1976541551547432e-07
2021-02-10,32.0,34.4900016784668,30.0,32.869998931884766,33355500,0,0,1.3461053434866205e-07
2021-02-11,32.25,33.15999984741211,31.200000762939453,31.5,26350000,0,0,7.438326696290918e-08
2021-02-12,35.040000915527344,41.369998931884766,33.5099983215332,39.97999954223633,69175900,0,0,1.1362339500247289e-07
2021-02-16,38.27000045776367,55.0,36.52000045776367,52.70000076293945,96883400,0,0,1.9074474618186733e-07
2021-02-17,54.66999816894531,59.5,50.29999923706055,56.22999954223633,63907700,0,0,1.4395762580940098e-07
2021-02-18,55.810001373291016,64.86000061035156,55.54999923706055,58.04999923706055,76982700,0,0,1.209362801420451e-07
2021-02-19,60.09000015258789,61.970001220703125,50.31999969482422,52.93999862670898,59997900,0,0,1.941734881700677e-07
2021-02-22,62.869998931884766,63.20000076293945,56.08000183105469,57.369998931884766,88152900,0,0,8.076874308031575e-08
2021-02-23,35.02000045776367,43.93999862670898,30.0,35.209999084472656,190447900,0,0,7.319586420595336e-08
2021-02-24,35.63999938964844,35.720001220703125,27.850000381469727,28.700000762939453,142471900,0,0,5.523896880180161e-08
2021-02-25,29.709999084472656,32.380001068115234,26.709999084472656,27.81999969482422,82266000,0,0,6.892278685778545e-08
2021-02-26,31.25,32.52000045776367,28.5,30.75,68871000,0,0,5.8370002726309656e-08
2021-03-01,32.4900016784668,32.540000915527344,29.82999992370605,30.6299991607666,42153800,0,0,6.428841508526609e-08
2021-03-02,30.0,30.38999938964844,26.559999465942383,27.770000457763672,35676700,0,0,1.073529761358549e-07
2021-03-03,27.64999961853028,27.96999931335449,23.93000030517578,24.200000762939453,43884200,0,0,9.206044563142797e-08
2021-03-04,23.88999938964844,25.540000915527344,21.434999465942383,24.34000015258789,62235600,0,0,6.595905638549256e-08
2021-03-05,24.520000457763672,25.18000030517578,20.39999961853028,24.39999961853028,53893400,0,0,8.869361900799556e-08
2021-03-08,24.34000015258789,25.18000030517578,22.0,22.09000015258789,29814500,0,0,1.0665952154742765e-07
2021-03-09,23.26000022888184,25.0,22.799999237060547,24.459999084472656,31214900,0,0,7.04791866364926e-08
2021-03-10,25.104999542236328,27.26000022888184,24.309999465942383,24.700000762939453,32947400,0,0,8.953667855246403e-08
2021-03-11,25.790000915527344,27.18000030517578,25.309999465942383,26.84000015258789,24459400,0,0,7.64532588384588e-08
2021-03-12,25.5,27.989999771118164,25.100000381469727,26.770000457763672,20225400,0,0,1.4288960364929434e-07
2021-03-15,27.459999084472656,28.799999237060547,27.030000686645508,28.690000534057617,23939800,0,0,7.393539421444786e-08
2021-03-16,31.059999465942383,32.970001220703125,29.200000762939453,31.100000381469727,67588700,0,0,5.577856147201638e-08
2021-03-17,29.690000534057617,30.68000030517578,28.14999961853028,29.5,40917100,0,0,6.183235582789368e-08
2021-03-18,28.799999237060547,29.420000076293945,26.799999237060547,26.89999961853028,22129300,0,0,1.183951069050263e-07
2021-03-19,26.6200008392334,27.450000762939453,25.790000915527344,26.8799991607666,19575400,0,0,8.480030279902885e-08
2021-03-22,27.479999542236328,27.6299991607666,26.020000457763672,26.14999961853028,16147200,0,0,9.970760893547673e-08
2021-03-23,26.14999961853028,26.21999931335449,23.75,24.049999237060547,23012600,0,0,1.0733247496391073e-07
2021-03-24,24.450000762939453,24.479999542236328,22.239999771118164,22.559999465942383,24048700,0,0,9.314431845040125e-08
2021-03-25,21.709999084472656,24.239999771118164,21.020000457763672,24.030000686645508,30779800,0,0,1.0461404276033284e-07
2021-03-26,23.059999465942383,23.920000076293945,22.06999969482422,23.020000457763672,18171700,0,0,1.0180667639624949e-07
2021-03-29,22.8799991607666,22.959999084472656,21.350000381469727,21.350000381469727,21663600,0,0,7.431815132309171e-08
2021-03-30,21.18000030517578,23.64999961853028,21.06999969482422,23.51000022888184,18201200,0,0,1.4174889148550945e-07
2021-03-31,24.059999465942383,24.22800064086914,22.780000686645508,23.18000030517578,15298900,0,0,9.464732459350886e-08
2021-04-01,24.25,24.46999931335449,23.209999084472656,23.780000686645508,12839800,0,0,9.813238748904469e-08
2021-04-05,24.549999237060547,24.61000061035156,23.0,23.0,13238200,0,0,1.2161778869873264e-07
2021-04-06,23.049999237060547,24.959999084472656,23.020000457763672,24.459999084472656,19840000,0,0,9.7782188846219e-08
2021-04-07,24.11000061035156,24.46999931335449,22.700000762939453,22.81999969482422,15341900,0,0,1.1537023122397089e-07
2021-04-08,23.059999465942383,23.3700008392334,22.65999984741211,23.15999984741211,7922300,0,0,8.962056370262285e-08
2021-04-09,22.979999542236328,23.34000015258789,22.76000022888184,22.96999931335449,7636400,0,0,7.595200928527247e-08
2021-04-12,22.93000030517578,23.450000762939453,21.770000457763672,22.030000686645508,10594100,0,0,1.585788604200245e-07
2021-04-13,21.959999084472656,22.71999931335449,21.56999969482422,22.09000015258789,16121600,0,0,7.133284652455549e-08
2021-04-14,22.020000457763672,22.25,21.540000915527344,21.729999542236328,11900800,0,0,5.965977786977818e-08
2021-04-15,21.82999992370605,22.100000381469727,19.81999969482422,20.1200008392334,25602200,0,0,8.905487366888422e-08
2021-04-16,20.06999969482422,20.5,19.25,19.520000457763672,17044000,0,0,7.333959164515371e-08
2021-04-19,19.8700008392334,20.32999992370605,18.68000030517578,19.540000915527344,19552400,0,0,8.438859774402496e-08
2021-04-20,19.520000457763672,19.71999931335449,18.309999465942383,18.450000762939453,18227300,0,0,7.735648436203439e-08
2021-04-21,18.299999237060547,19.88999938964844,17.6200008392334,19.88999938964844,22545200,0,0,1.0068655635856145e-07
2021-04-22,20.200000762939453,20.64999961853028,18.89999961853028,19.65999984741211,17422600,0,0,1.0044425057109733e-07
2021-04-23,19.700000762939453,20.729999542236328,19.61000061035156,20.549999237060547,13232800,0,0,8.463809109823813e-08
2021-04-26,20.670000076293945,24.290000915527344,20.40999984741211,23.8700008392334,55779500,0,0,6.955962438019764e-08
2021-04-27,24.06999969482422,24.32999992370605,22.5,22.739999771118164,18122300,0,0,1.0098055565276232e-07
2021-04-28,22.549999237060547,24.239999771118164,22.100000381469727,23.040000915527344,19167600,0,0,1.1164670535948358e-07
2021-04-29,23.290000915527344,23.38999938964844,21.530000686645508,22.06999969482422,11527100,0,0,1.6135877219794485e-07
2021-04-30,21.350000381469727,22.030000686645508,21.09000015258789,21.09000015258789,10569700,0,0,8.893351126877936e-08
2021-05-03,21.190000534057617,21.190000534057617,19.8799991607666,19.90999984741211,13445700,0,0,9.742901993135469e-08
2021-05-04,19.59000015258789,19.84000015258789,18.950000762939453,19.170000076293945,12509800,0,0,7.114417413934977e-08
2021-05-05,19.68000030517578,19.979999542236328,19.1200008392334,19.18000030517578,4697400,0,0,1.8307972559350485e-07
2021-05-06,19.18000030517578,19.350000381469727,18.57999992370605,18.959999084472656,10453500,0,0,7.365958365749958e-08
2021-05-07,19.049999237060547,19.71999931335449,18.75,19.280000686645508,14552700,0,0,6.665425064451903e-08
2021-05-10,19.540000915527344,19.56999969482422,18.6299991607666,18.63999938964844,9802700,0,0,9.589200261740309e-08
2021-05-11,17.690000534057617,18.89999961853028,17.399999618530273,18.600000381469727,14343000,0,0,1.0458063166701528e-07
2021-05-12,18.25,18.540000915527344,17.75,17.799999237060547,7991200,0,0,9.88588591860226e-08
2021-05-13,17.899999618530273,18.86000061035156,17.25,17.25,13384700,0,0,1.202866414900269e-07
2021-05-14,17.760000228881836,18.15999984741211,17.510000228881836,17.940000534057617,6623200,0,0,9.81398143692284e-08
2021-05-17,18.229999542236328,18.709999084472656,18.030000686645508,18.309999465942383,6347900,0,0,1.071217879656498e-07
2021-05-18,18.690000534057617,19.670000076293945,18.520000457763672,19.3799991607666,11575500,0,0,9.934772740099982e-08
2021-05-19,18.90999984741211,19.049999237060547,18.61000061035156,18.96999931335449,6402800,0,0,6.871972054554013e-08
2021-05-20,19.170000076293945,20.049999237060547,19.14999961853028,19.790000915527344,7769800,0,0,1.1583304828055721e-07
2021-05-21,20.170000076293945,20.3700008392334,19.507999420166016,19.809999465942383,6881500,0,0,1.2526359355771022e-07
2021-05-24,20.14999961853028,20.18000030517578,19.32999992370605,19.39999961853028,6796200,0,0,1.2506994812832561e-07
2021-05-25,19.600000381469727,20.57999992370605,19.1299991607666,20.280000686645508,15197400,0,0,9.541110735648553e-08
2021-05-26,20.25,21.100000381469727,19.711000442504883,19.989999771118164,15699600,0,0,8.847358779617596e-08
2021-05-27,20.18000030517578,20.190000534057617,19.450000762939453,19.8799991607666,7189000,0,0,1.0293500780611549e-07
2021-05-28,19.549999237060547,20.170000076293945,19.5,19.71999931335449,6933300,0,0,9.663509098033337e-08
2021-06-01,20.0,22.40999984741211,19.780000686645508,21.559999465942383,22530400,0,0,1.1673113485630977e-07
2021-06-02,22.049999237060547,23.6299991607666,21.63500022888184,23.559999465942383,21110800,0,0,9.45013420564245e-08
2021-06-03,23.25,24.59000015258789,22.01000022888184,22.959999084472656,18875700,0,0,1.36683668616584e-07
2021-06-04,24.06999969482422,24.32999992370605,23.3799991607666,23.950000762939453,12911200,0,0,7.357958694307679e-08
2021-06-07,24.799999237060547,26.540000915527344,24.309999465942383,26.5,23162400,0,0,9.627678692989332e-08
2021-06-08,27.299999237060547,27.8799991607666,24.700000762939453,26.63999938964844,22753900,0,0,1.397561911508422e-07
2021-06-09,26.8799991607666,27.39999961853028,26.14999961853028,26.489999771118164,13900200,0,0,8.99267636436886e-08
2021-06-10,26.46999931335449,26.479999542236328,24.559999465942383,25.3799991607666,11300500,0,0,1.6990399330064557e-07
2021-06-11,25.600000381469727,25.600000381469727,24.700000762939453,25.13999938964844,7269000,0,0,1.2381340191639478e-07
2021-06-14,25.15999984741211,25.15999984741211,24.01000022888184,24.1200008392334,7687900,0,0,1.49585662993831e-07
2021-06-15,23.989999771118164,24.030000686645508,22.549999237060547,22.61000061035156,11218600,0,0,1.319238986669425e-07
2021-06-16,22.190000534057617,24.100000381469727,22.049999237060547,24.040000915527344,9957100,0,0,2.058833540297054e-07
2021-06-17,23.440000534057617,24.35400009155273,23.32999992370605,23.549999237060547,6906000,0,0,1.482768850053113e-07
2021-06-18,23.25,23.82999992370605,23.18000030517578,23.39999961853028,4621300,0,0,1.4065298044495566e-07
2021-06-21,23.700000762939453,23.709999084472656,22.75,22.959999084472656,4965600,0,0,1.9332992679085242e-07
2021-06-22,23.020000457763672,23.600000381469727,22.450000762939453,23.420000076293945,5874100,0,0,1.957746069236604e-07
2021-06-23,23.790000915527344,25.100000381469727,23.31999969482422,25.059999465942383,13373000,0,0,1.3310406689938742e-07
2021-06-24,25.59000015258789,26.280000686645508,24.799999237060547,24.850000381469727,14444600,0,0,1.0246053539626997e-07
2021-06-25,25.700000762939453,25.950000762939453,25.01000022888184,25.18000030517578,11453400,0,0,8.2071745862156e-08
2021-06-28,26.229999542236328,27.3799991607666,26.02499961853028,27.0,18705900,0,0,7.24370141097904e-08
2021-06-29,27.34000015258789,27.39999961853028,26.21999931335449,26.31999969482422,8562800,0,0,1.3780542639975028e-07
2021-06-30,26.200000762939453,28.950000762939453,25.68000030517578,28.81999969482422,19647200,0,0,1.6643595310088317e-07
2021-07-01,28.989999771118164,29.809999465942383,27.40999984741211,27.71999931335449,18459200,0,0,1.3001644808714754e-07
2021-07-02,28.1200008392334,28.190000534057617,26.68000030517578,27.020000457763672,9188900,0,0,1.643287258411601e-07
2021-07-06,27.5,28.0,26.350000381469727,26.3799991607666,9302800,0,0,1.7736591333042457e-07
2021-07-07,26.520000457763672,26.88999938964844,24.761999130249023,25.520000457763672,9286400,0,0,2.2915233668584325e-07
2021-07-08,23.989999771118164,25.549999237060547,23.540000915527344,24.959999084472656,9235800,0,0,2.176312091571064e-07
2021-07-09,25.34000015258789,26.3700008392334,25.239999771118164,25.549999237060547,7230200,0,0,1.5628904706857826e-07
2021-07-12,25.90999984741211,27.39999961853028,25.709999084472656,26.850000381469727,12657400,0,0,1.335187743183922e-07
2021-07-13,26.530000686645508,27.11000061035156,25.770000457763672,25.90999984741211,8561500,0,0,1.5651464726833973e-07
2021-07-14,25.39999961853028,25.700000762939453,23.770000457763672,23.790000915527344,12667100,0,0,1.5236323271907392e-07
2021-07-15,24.0,24.32999992370605,22.559999465942383,22.959999084472656,10345300,0,0,1.710922310386042e-07
2021-07-16,23.39999961853028,23.850000381469727,22.299999237060547,22.790000915527344,8912900,0,0,1.7390536687376496e-07
2021-07-19,21.989999771118164,22.65999984741211,20.89999961853028,22.200000762939453,10564400,0,0,1.6659727281074513e-07
2021-07-20,22.809999465942383,24.739999771118164,22.14999961853028,24.280000686645508,12194500,0,0,2.1239084444527373e-07
2021-07-21,24.479999542236328,24.93000030517578,22.65999984741211,23.43000030517578,12470200,0,0,1.820340056906603e-07
2021-07-22,23.32999992370605,24.18000030517578,22.299999237060547,22.89999961853028,11069800,0,0,1.698315297580114e-07
2021-07-23,24.020000457763672,24.549999237060547,22.549999237060547,24.25,17905600,0,0,1.116968992940756e-07
2021-07-26,25.239999771118164,29.030000686645508,24.31999969482422,26.82999992370605,31573200,0,0,1.4917718165473533e-07
2021-07-27,27.489999771118164,27.549999237060547,25.11000061035156,25.18000030517578,16184100,0,0,1.5076517240433414e-07
2021-07-28,25.714000701904297,26.200000762939453,23.979999542236328,24.07999992370605,12580400,0,0,1.7646507429836292e-07
2021-07-29,24.540000915527344,24.698999404907227,23.25,23.350000381469727,10494600,0,0,1.380709512422795e-07
2021-07-30,22.94799995422364,24.229999542236328,22.940000534057617,23.71999931335449,11144800,0,0,1.1574895988969844e-07
2021-08-02,24.19300079345703,24.239999771118164,23.450000762939453,23.770000457763672,7894400,0,0,1.0007081072389428e-07
2021-08-03,23.93000030517578,23.950000762939453,22.95499992370605,23.57999992370605,8579400,0,0,1.1597557396011358e-07
2021-08-04,23.479999542236328,23.489999771118164,22.540000915527344,22.6299991607666,7015100,0,0,1.3542199763236737e-07
2021-08-05,22.920000076293945,23.290000915527344,22.700000762939453,22.75,6573600,0,0,8.975297441096062e-08
2021-08-06,22.934999465942383,23.90999984741211,22.799999237060547,23.3799991607666,7686500,0,0,1.4440910822241105e-07
2021-08-09,23.39999961853028,23.6200008392334,23.030000686645508,23.5,6489600,0,0,9.09147177927593e-08
2021-08-10,23.8799991607666,25.239999771118164,23.700000762939453,24.459999084472656,11923600,0,0,1.291555409589982e-07
2021-08-11,24.96999931335449,25.0,24.020000457763672,24.46999931335449,8009100,0,0,1.2236075741797805e-07
2021-08-12,24.309999465942383,24.5,23.809999465942383,23.850000381469727,7499600,0,0,9.200497813984977e-08
2021-08-13,23.709999084472656,24.25,23.420000076293945,23.479999542236328,5877300,0,0,1.4122129612339929e-07
2021-08-16,23.045000076293945,23.31999969482422,22.43000030517578,22.82999992370605,7508600,0,0,1.185306701180563e-07
2021-08-17,22.239999771118164,22.770000457763672,22.1299991607666,22.559999465942383,7077000,0,0,9.04339829019458e-08
2021-08-18,22.93000030517578,22.93000030517578,22.152000427246094,22.549999237060547,5873900,0,0,1.3245031034401122e-07
2021-08-19,22.18000030517578,22.61000061035156,21.51000022888184,21.709999084472656,6603900,0,0,1.6656829774371608e-07
2021-08-20,21.7509994506836,22.100000381469727,21.600000381469727,21.670000076293945,5277700,0,0,9.473823824772156e-08
2021-08-23,22.01000022888184,22.11000061035156,21.420000076293945,21.64999961853028,7098600,0,0,9.720234046961616e-08
2021-08-24,21.940000534057617,22.96999931335449,21.780000686645508,22.82999992370605,10277900,0,0,1.1578227329600253e-07
2021-08-25,22.25,22.5,21.770000457763672,21.809999465942383,11667300,0,0,6.256799278636259e-08
2021-08-26,21.84000015258789,22.06999969482422,21.39999961853028,21.479999542236328,9094900,0,0,7.366766828595645e-08
2021-08-27,21.450000762939453,21.530000686645508,20.89999961853028,21.030000686645508,11926900,0,0,5.28218621867572e-08
2021-08-30,20.850000381469727,20.8799991607666,19.86000061035156,20.6299991607666,14999200,0,0,6.800353021594747e-08
2021-08-31,20.280000686645508,20.68000030517578,19.920000076293945,19.959999084472656,11454700,0,0,6.634833115505739e-08
2021-09-01,16.1200008392334,18.440000534057617,16.1200008392334,17.790000915527344,149611900,0,0,1.5506785856099812e-08
2021-09-02,18.440000534057617,18.91900062561035,18.0,18.65999984741211,38386700,0,0,2.3940599885125617e-08
2021-09-03,18.834999084472656,19.76000022888184,18.670000076293945,19.559999465942383,25236700,0,0,4.3191073024123227e-08
2021-09-07,19.799999237060547,19.950000762939453,19.01000022888184,19.88999938964844,19835100,0,0,4.7390763548336894e-08
2021-09-08,19.93000030517578,20.025999069213867,18.700000762939453,18.93000030517578,20956100,0,0,6.327505147782337e-08
2021-09-09,19.21999931335449,20.059999465942383,19.09000015258789,19.850000381469727,21788600,0,0,4.4518661747633734e-08
2021-09-10,20.183000564575195,20.6200008392334,19.89999961853028,19.93000030517578,16229100,0,0,4.4364827421306494e-08
2021-09-13,20.26499938964844,20.59000015258789,19.65999984741211,20.059999465942383,15778400,0,0,5.8941356866081566e-08
2021-09-14,19.190000534057617,19.739999771118164,18.700000762939453,18.950000762939453,24118300,0,0,4.31207426799862e-08
2021-09-15,19.3700008392334,20.15999984741211,19.049999237060547,19.90999984741211,32280700,0,0,3.43858903416457e-08
2021-09-16,20.84499931335449,21.600000381469727,20.36000061035156,21.170000076293945,45927400,0,0,2.699912843135392e-08
2021-09-17,22.420000076293945,23.51000022888184,21.902999877929688,22.959999084472656,104115600,0,0,1.5434770110839762e-08
2021-09-20,22.02499961853028,24.21999931335449,21.65999984741211,24.06999969482422,68143000,0,0,3.756804757557465e-08
2021-09-21,24.780000686645508,27.93000030517578,24.56999969482422,26.809999465942383,114795900,0,0,2.9269343333268543e-08
2021-09-22,27.73500061035156,28.209999084472656,24.280000686645508,24.950000762939453,87320500,0,0,4.5006595219073975e-08
2021-09-23,25.56999969482422,26.1299991607666,24.6200008392334,25.420000076293945,38764900,0,0,3.895272067084408e-08
2021-09-24,25.26000022888184,25.65999984741211,24.386999130249023,25.43000030517578,26633600,0,0,4.7796794919315683e-08
2021-09-27,25.86000061035156,27.270000457763672,25.74099922180176,25.88999938964844,44696200,0,0,3.420875233156094e-08
2021-09-28,25.96999931335449,26.40999984741211,24.14999961853028,24.540000915527344,38136600,0,0,5.926066374248978e-08
2021-09-29,26.450000762939453,28.38999938964844,26.01000022888184,26.280000686645508,120691800,0,0,1.971964260013192e-08
2021-09-30,27.121999740600582,27.13999938964844,25.09000015258789,25.3799991607666,46844000,0,0,4.376225849757807e-08
2021-10-01,25.51000022888184,25.75,24.209999084472656,24.61000061035156,30696100,0,0,5.0169269566079855e-08
2021-10-04,24.76000022888184,25.030000686645508,23.53499984741211,24.13999938964844,28779600,0,0,5.194654683294411e-08
2021-10-05,24.18000030517578,24.78499984741211,23.86000061035156,24.020000457763672,21742700,0,0,4.2542979347576286e-08
2021-10-06,23.549999237060547,24.549999237060547,23.40999984741211,24.290000915527344,19270700,0,0,5.9157134387875764e-08
2021-10-07,24.549999237060547,24.71999931335449,24.040000915527344,24.3799991607666,17543500,0,0,3.8760703270564505e-08
2021-10-08,24.31999969482422,24.530000686645508,23.041000366210938,23.229999542236328,25071000,0,0,5.93913414077847e-08
2021-10-11,23.6299991607666,23.63999938964844,22.68000030517578,22.8700008392334,21974500,0,0,4.3686959178714254e-08
2021-10-12,23.13999938964844,23.64999961853028,22.65999984741211,23.059999465942383,23871700,0,0,4.1471691212530486e-08
2021-10-13,22.850000381469727,23.020000457763672,22.11000061035156,22.59000015258789,20437400,0,0,4.452620428293762e-08
2021-10-14,22.51000022888184,24.100000381469727,22.5,24.01000022888184,20756100,0,0,7.708579075403021e-08
2021-10-15,23.84000015258789,24.21999931335449,23.43000030517578,24.07999992370605,14891500,0,0,5.30503312748018e-08
2021-10-18,23.989999771118164,25.65999984741211,23.96999931335449,25.34000015258789,26182800,0,0,6.454621102623163e-08
2021-10-19,25.40999984741211,25.61000061035156,24.479999542236328,24.729999542236328,16034700,0,0,7.047223010815508e-08
2021-10-20,24.76000022888184,25.270000457763672,24.13999938964844,24.239999771118164,15462900,0,0,7.307821095106574e-08
2021-10-21,24.299999237060547,25.049999237060547,24.040000915527344,24.459999084472656,21810300,0,0,4.630831861703888e-08
2021-10-22,24.030000686645508,24.190000534057617,23.40999984741211,24.11000061035156,16384000,0,0,4.7607463784515864e-08
2021-10-25,24.8799991607666,27.39999961853028,24.70199966430664,26.850000381469727,53941800,0,0,5.001686918537448e-08
2021-10-26,26.850000381469727,28.200000762939453,26.049999237060547,26.3799991607666,40979500,0,0,5.2465294253929554e-08
2021-10-27,27.690000534057617,28.940000534057617,26.729999542236328,27.020000457763672,52224600,0,0,4.2317241143470495e-08
2021-10-28,28.540000915527344,39.77999877929688,28.07999992370605,35.47999954223633,377220900,0,0,3.101630597771974e-08
2021-10-29,38.25,41.59999847412109,35.43000030517578,36.9900016784668,221097400,0,0,2.7906244799555818e-08
2021-11-01,39.994998931884766,40.16999816894531,35.72999954223633,36.52999877929688,121435300,0,0,3.656266857090965e-08
2021-11-02,34.564998626708984,35.38999938964844,33.02000045776367,35.130001068115234,75032500,0,0,3.1586298362506455e-08
2021-11-03,34.22999954223633,37.380001068115234,34.22999954223633,36.54499816894531,61133700,0,0,5.152643347088277e-08
2021-11-04,37.380001068115234,37.70000076293945,36.06999969482422,37.119998931884766,40730400,0,0,4.001927474601856e-08
2021-11-05,37.5,41.91999816894531,36.16999816894531,41.79999923706055,113881100,0,0,5.04912579874975e-08
2021-11-08,43.540000915527344,47.869998931884766,43.040000915527344,45.91999816894531,154195400,0,0,3.1323878769129445e-08
2021-11-09,47.47999954223633,48.040000915527344,42.150001525878906,44.77999877929688,90177700,0,0,6.531547588426448e-08
2021-11-10,42.29999923706055,45.0,39.34099960327149,40.75,79342800,0,0,7.13234269111818e-08
2021-11-11,42.75,45.75,41.7400016784668,44.97999954223633,69846300,0,0,5.741175010749608e-08
2021-11-12,44.0,45.18999862670898,42.7400016784668,43.93000030517578,41015300,0,0,5.97337322472879e-08
2021-11-15,44.59999847412109,46.13999938964844,43.40999984741211,44.880001068115234,77111000,0,0,3.540350329053349e-08
2021-11-16,49.93000030517578,55.68000030517578,46.50899887084961,55.52000045776367,248654600,0,0,3.6882492559261613e-08
2021-11-17,56.20000076293945,57.75,50.310001373291016,52.54999923706055,198386200,0,0,3.7502601626065646e-08
2021-11-18,49.02999877929688,49.66999816894531,43.0,47.04999923706055,131634800,0,0,5.06704774797038e-08
2021-11-19,47.15999984741211,55.400001525878906,47.150001525878906,55.209999084472656,166718400,0,0,4.948463996775401e-08
2021-11-22,53.03499984741211,57.43999862670898,50.08000183105469,51.119998931884766,130761800,0,0,5.6285526779642814e-08
2021-11-23,51.67499923706055,54.33000183105469,49.52000045776367,52.43999862670898,87998800,0,0,5.4659851876287126e-08
2021-11-24,51.7400016784668,53.5,49.83000183105469,52.56999969482422,61225300,0,0,5.994251018688864e-08
2021-11-26,49.45000076293945,52.369998931884766,49.41299819946289,51.720001220703125,36708000,0,0,8.05546674409359e-08
2021-11-29,52.02999877929688,55.33000183105469,50.709999084472656,55.060001373291016,76731400,0,0,6.0210067150893e-08
2021-11-30,54.43000030517578,56.70000076293945,51.59999847412109,52.97999954223633,92341600,0,0,5.52297370721144e-08
2021-12-01,54.08000183105469,56.2400016784668,50.95000076293945,51.13999938964844,78654100,0,0,6.725651829373603e-08
2021-12-02,50.84999847412109,51.84000015258789,46.02000045776367,48.40999984741211,77168500,0,0,7.541937053103558e-08
2021-12-03,48.54999923706055,49.4900016784668,44.56999969482422,47.27000045776367,76441200,0,0,6.436322276001134e-08
2021-12-06,40.025001525878906,45.75,38.060001373291016,44.86000061035156,103929800,0,0,7.399223924907951e-08
2021-12-07,46.505001068115234,47.25,43.02000045776367,43.880001068115234,57740800,0,0,7.325841592489763e-08
2021-12-08,42.59999847412109,45.400001525878906,41.34000015258789,44.720001220703125,50135900,0,0,8.097992403230053e-08
2021-12-09,41.369998931884766,42.7400016784668,36.13999938964844,36.52000045776367,120872600,0,0,5.460296451651045e-08
2021-12-10,38.0,39.08000183105469,35.79999923706055,37.65999984741211,91804000,0,0,3.57283189620729e-08
2021-12-13,39.9900016784668,40.290000915527344,36.84000015258789,39.150001525878906,82697500,0,0,4.171831993638808e-08
2021-12-14,37.959999084472656,41.29999923706055,37.15999984741211,40.869998931884766,64374000,0,0,6.431166914668092e-08
2021-12-15,39.369998931884766,41.68999862670898,38.79999923706055,40.810001373291016,59474700,0,0,4.85920801559056e-08
2021-12-16,41.09000015258789,42.5,39.5099983215332,40.04999923706055,55589000,0,0,5.3787650047074014e-08
2021-12-17,38.45000076293945,40.45000076293945,36.34999847412109,40.0099983215332,126157600,0,0,3.249905109813724e-08
2021-12-20,38.02999877929688,39.709999084472656,36.91999816894531,37.9900016784668,38903700,0,0,7.1715567298929e-08
2021-12-21,38.25,39.33000183105469,36.75,38.02000045776367,38911500,0,0,6.63043529818868e-08
2021-12-22,37.90999984741211,40.18999862670898,37.70000076293945,38.70000076293945,36620100,0,0,6.799538678948258e-08
2021-12-23,38.52000045776367,38.68999862670898,37.369998931884766,37.63999938964844,27703400,0,0,4.7647570147498816e-08
2021-12-27,37.16999816894531,39.1619987487793,35.529998779296875,38.63999938964844,48622900,0,0,7.469731277818521e-08
2021-12-28,37.77999877929688,38.34999847412109,36.75,36.97999954223633,28441500,0,0,5.625576970698077e-08
2021-12-29,36.72499847412109,37.15999984741211,35.86000061035156,36.970001220703125,25374700,0,0,5.1232102726753294e-08
2021-12-30,36.68000030517578,39.5,36.68000030517578,38.75,36202900,0,0,7.789430390449988e-08
2021-12-31,38.2400016784668,39.79999923706055,37.84999847412109,38.04999923706055,19562000,0,0,9.96830979930198e-08
2022-01-03,38.54999923706055,41.7599983215332,37.959999084472656,40.93000030517578,45685100,0,0,8.317808732082335e-08
2022-01-04,40.75,41.290000915527344,38.380001068115234,39.40999984741211,30476900,0,0,9.548214704947384e-08
2022-01-05,38.68000030517578,39.060001373291016,36.130001068115234,36.68000030517578,43318800,0,0,6.763807642815085e-08
2022-01-06,36.45000076293945,38.58000183105469,33.7599983215332,38.220001220703125,58375500,0,0,8.256894603937413e-08
2022-01-07,37.505001068115234,43.290000915527344,37.5,41.97999954223633,78419600,0,0,7.383359409544737e-08
2022-01-10,40.630001068115234,43.16999816894531,40.43000030517578,41.720001220703125,44353300,0,0,6.177664038007389e-08
2022-01-11,41.810001373291016,45.47999954223633,41.4900016784668,45.470001220703125,60554200,0,0,6.58913479786626e-08
2022-01-12,45.7400016784668,47.59000015258789,44.02999877929688,45.43000030517578,49592700,0,0,7.178478633530774e-08
2022-01-13,45.72999954223633,46.290000915527344,41.36000061035156,41.40999984741211,36293100,0,0,1.35838501124891e-07
2022-01-14,40.97499847412109,43.400001525878906,40.95000076293945,42.220001220703125,33308400,0,0,7.35550420596442e-08
2022-01-18,40.68000030517578,41.27999877929688,39.0,39.209999084472656,29511500,0,0,7.725797669711384e-08
2022-01-19,39.47999954223633,42.43999862670898,39.43999862670898,40.02999877929688,36994600,0,0,8.109291626345469e-08
2022-01-20,41.5099983215332,42.95000076293945,38.68999862670898,38.720001220703125,45831900,0,0,9.294840790433017e-08
2022-01-21,39.02999877929688,39.97999954223633,37.185001373291016,37.75,38254000,0,0,7.30642068527556e-08
2022-01-24,36.13999938964844,37.880001068115234,34.119998931884766,37.75,45173000,0,0,8.323560835522256e-08
2022-01-25,36.630001068115234,37.54999923706055,35.220001220703125,35.459999084472656,27029100,0,0,8.62033148109786e-08
2022-01-26,36.290000915527344,36.880001068115234,32.9900016784668,33.40999984741211,51058100,0,0,7.618770360919106e-08
2022-01-27,33.849998474121094,33.90999984741211,28.38999938964844,28.700000762939453,67318200,0,0,8.199863421427894e-08
2022-01-28,28.058000564575195,28.43000030517578,25.632999420166016,27.14999961853028,66779500,0,0,4.1884124394608615e-08
2022-01-31,28.114999771118164,29.479999542236328,27.420000076293945,29.38999938964844,41743100,0,0,4.9349460532216895e-08
2022-02-01,30.52499961853028,30.850000381469727,28.6200008392334,29.959999084472656,38972300,0,0,5.7220116396423314e-08
2022-02-02,29.225000381469727,29.959999084472656,27.39999961853028,27.68000030517578,35301500,0,0,7.251814982202975e-08
2022-02-03,26.5,28.59000015258789,26.290000915527344,26.950000762939453,30180400,0,0,7.620837487443995e-08
2022-02-04,26.979999542236328,27.850000381469727,26.209999084472656,27.549999237060547,20394500,0,0,8.041390065934789e-08
2022-02-07,27.61000061035156,28.32999992370605,26.39999961853028,26.96999931335449,22540000,0,0,8.562556810895216e-08
2022-02-08,26.799999237060547,27.6299991607666,25.88999938964844,27.43000030517578,19193200,0,0,9.06570958005004e-08
2022-02-09,27.770000457763672,28.940000534057617,27.59000015258789,28.82999992370605,21808600,0,0,6.190220286812205e-08
2022-02-10,27.64999961853028,29.39999961853028,27.440000534057617,27.90999984741211,24458300,0,0,8.0136357983697e-08
2022-02-11,27.52499961853028,28.200000762939453,25.61000061035156,25.84000015258789,28761800,0,0,9.005000217607698e-08
2022-02-14,25.812000274658203,28.40999984741211,25.68000030517578,27.440000534057617,41217500,0,0,6.623399144141027e-08
2022-02-15,28.11000061035156,28.88999938964844,27.6200008392334,28.8700008392334,22330300,0,0,5.6873331321793215e-08
2022-02-16,28.334999084472656,29.18000030517578,27.86000061035156,29.0,15842000,0,0,8.332279351244911e-08
2022-02-17,28.440000534057617,30.1200008392334,27.920000076293945,28.11000061035156,24810600,0,0,8.867180813601658e-08
2022-02-18,27.825000762939453,28.280000686645508,25.78499984741211,26.59000015258789,28475100,0,0,8.762044169233467e-08
2022-02-22,25.76499938964844,27.280000686645508,24.940000534057617,25.51000022888184,32634500,0,0,7.170326349684814e-08
2022-02-23,25.76499938964844,26.190000534057617,23.799999237060547,23.96999931335449,27159600,0,0,8.799839824581623e-08
2022-02-24,22.011999130249023,25.44499969482422,21.770000457763672,25.280000686645508,35062700,0,0,1.0481221460585029e-07
2022-02-25,25.440000534057617,27.0,24.559999465942383,26.350000381469727,28287200,0,0,8.625811441420916e-08
2022-02-28,26.739999771118164,29.049999237060547,26.170000076293945,28.979999542236328,51761800,0,0,5.563947082146682e-08
2022-03-01,24.48500061035156,25.75,23.3799991607666,24.989999771118164,62757700,0,0,3.77643036509209e-08
2022-03-02,24.71999931335449,24.770000457763672,23.600000381469727,24.57999992370605,24038200,0,0,4.8672532730984244e-08
2022-03-03,24.489999771118164,24.520000457763672,22.40999984741211,22.6299991607666,28893100,0,0,7.302783745432518e-08
2022-03-04,22.61899948120117,23.729999542236328,22.01000022888184,22.6299991607666,33216500,0,0,5.178147346513005e-08
2022-03-07,22.940000534057617,24.40999984741211,22.89999961853028,23.170000076293945,35110300,0,0,4.3007329156453694e-08
2022-03-08,22.854999542236328,25.709999084472656,22.61000061035156,24.239999771118164,33349600,0,0,9.295459238255013e-08
2022-03-09,25.1299991607666,25.53300094604492,24.75,25.26000022888184,18168800,0,0,4.3095908703102126e-08
2022-03-10,24.90999984741211,24.90999984741211,23.51000022888184,24.209999084472656,16508800,0,0,8.480323333799389e-08
2022-03-11,24.049999237060547,24.229999542236328,22.809999465942383,22.920000076293945,18824700,0,0,7.543281307505275e-08
2022-03-14,22.6299991607666,23.25,21.31399917602539,21.549999237060547,21366200,0,0,9.061044191173954e-08
2022-03-15,21.5,22.030000686645508,20.489999771118164,21.979999542236328,20404200,0,0,7.547470204797757e-08
2022-03-16,22.1299991607666,23.895000457763672,22.1299991607666,23.6200008392334,28443700,0,0,6.205245087654104e-08
2022-03-17,23.31999969482422,24.93000030517578,22.85099983215332,24.64999961853028,21491200,0,0,9.673729121791529e-08
2022-03-18,24.940000534057617,26.14999961853028,24.64999961853028,25.670000076293945,34740300,0,0,4.3177520055958064e-08
2022-03-21,25.850000381469727,26.200000762939453,24.81999969482422,25.38999938964844,17521300,0,0,7.876134008978982e-08
2022-03-22,25.450000762939453,27.25,25.121000289916992,26.64999961853028,30663400,0,0,6.943129953243958e-08
2022-03-23,26.5,26.809999465942383,25.71199989318848,25.89999961853028,20981200,0,0,5.233254402769653e-08
2022-03-24,26.01000022888184,26.56999969482422,25.030000686645508,26.25,14925200,0,0,1.0318113044908685e-07
2022-03-25,25.940000534057617,26.059999465942383,24.520000457763672,25.15999984741211,17276700,0,0,8.913733572839208e-08
2022-03-28,25.34000015258789,25.94700050354004,24.63999938964844,25.3799991607666,18224200,0,0,7.171788686974471e-08
2022-03-29,25.559999465942383,27.600000381469727,25.459999084472656,27.36000061035156,33667100,0,0,6.35635768152609e-08
2022-03-30,27.18000030517578,28.13500022888184,26.200000762939453,26.5,21638400,0,0,8.94243320181891e-08
2022-03-31,26.540000915527344,26.54899978637696,25.25,25.39999961853028,17399100,0,0,7.465902181014841e-08
2022-04-01,25.38999938964844,25.559999465942383,24.26000022888184,24.549999237060547,17175000,0,0,7.569136751444233e-08
2022-04-04,24.65999984741211,25.43000030517578,24.63999938964844,25.209999084472656,17025800,0,0,4.6400222927988336e-08
2022-04-05,25.209999084472656,26.15999984741211,23.64999961853028,23.729999542236328,21146400,0,0,1.1869633738517365e-07
2022-04-06,23.600000381469727,23.600000381469727,22.61000061035156,22.989999771118164,19407100,0,0,5.1012246606559664e-08
2022-04-07,23.100000381469727,23.21999931335449,21.458999633789062,22.31999969482422,21277000,0,0,8.276541239673967e-08
2022-04-08,22.059999465942383,22.34000015258789,21.549999237060547,21.670000076293945,15131100,0,0,5.221040872952685e-08
2022-04-11,21.625,22.645000457763672,21.100000381469727,21.700000762939453,20100100,0,0,7.686529302311657e-08
2022-04-12,22.3799991607666,22.690000534057617,21.100000381469727,21.290000915527344,21902600,0,0,7.259412821253598e-08
2022-04-13,21.32999992370605,22.1299991607666,20.82999992370605,22.049999237060547,22126100,0,0,5.8754106555630994e-08
2022-04-14,21.8799991607666,22.07999992370605,20.90999984741211,21.01000022888184,18858000,0,0,6.204263847141508e-08
2022-04-18,20.979999542236328,21.11000061035156,19.86000061035156,20.31999969482422,21821400,0,0,5.7283217392101336e-08
2022-04-19,20.21999931335449,21.44499969482422,19.799999237060547,21.40999984741211,18312700,0,0,8.982839547219538e-08
2022-04-20,21.20499992370605,21.28499984741211,20.61000061035156,20.8700008392334,13957000,0,0,4.836277402454301e-08
2022-04-21,21.31999969482422,21.8700008392334,19.475000381469727,19.549999237060547,23924900,0,0,1.001049307526331e-07
2022-04-22,19.63999938964844,20.01000022888184,18.90999984741211,19.11000061035156,22323900,0,0,4.92745614104044e-08
2022-04-25,18.96500015258789,19.479999542236328,18.76000022888184,19.32999992370605,23859400,0,0,3.017675689055434e-08
2022-04-26,19.2549991607666,19.34000015258789,17.610000610351562,17.639999389648438,39892400,0,0,4.336664483050225e-08
2022-04-27,18.68000030517578,18.700000762939453,17.989999771118164,18.06999969482422,29054500,0,0,2.4436868361916026e-08
2022-04-28,18.440000534057617,19.049999237060547,17.5,18.88999938964844,25110300,0,0,6.172762719125406e-08
2022-04-29,18.8799991607666,19.489999771118164,18.020000457763672,18.07999992370605,19048200,0,0,7.717261018650015e-08
2022-05-02,18.07999992370605,19.100000381469727,17.649999618530273,19.059999465942383,19301500,0,0,7.512373457707708e-08
2022-05-03,18.959999084472656,19.68000030517578,18.809999465942383,19.600000381469727,16090800,0,0,5.4068215330089154e-08
2022-05-04,19.325000762939453,20.299999237060547,18.709999084472656,20.26000022888184,20505900,0,0,7.753866704645446e-08
2022-05-05,19.90999984741211,19.920000076293945,18.350000381469727,18.850000381469727,22846500,0,0,6.871948415837081e-08
2022-05-06,18.559999465942383,19.07999992370605,17.434999465942383,18.14999961853028,25371700,0,0,6.483603612543393e-08
2022-05-09,17.334999084472656,17.44499969482422,16.18000030517578,16.350000381469727,41346700,0,0,3.0594929937538845e-08
2022-05-10,17.270000457763672,17.270000457763672,15.350000381469728,15.949999809265137,31561900,0,0,6.083284201185434e-08
2022-05-11,15.869999885559082,15.960000038146973,13.670000076293944,13.859999656677246,44037600,0,0,5.200101644624201e-08
2022-05-12,13.56999969482422,16.420000076293945,13.25,15.6899995803833,42817000,0,0,7.403601551472419e-08
2022-05-13,16.25,18.32999992370605,16.25,18.010000228881836,38888100,0,0,5.3486797341758914e-08
2022-05-16,18.030000686645508,18.540000915527344,17.239999771118164,17.360000610351562,18649800,0,0,6.970590271258566e-08
2022-05-17,17.510000228881836,18.38999938964844,17.27199935913086,17.850000381469727,18908000,0,0,5.912841286849896e-08
2022-05-18,17.579999923706055,18.4060001373291,17.065000534057617,17.360000610351562,22487200,0,0,5.963390743496232e-08
2022-05-19,17.74799919128418,19.93000030517578,17.459999084472656,19.270000457763672,39616400,0,0,6.234794733249676e-08
2022-05-20,19.739999771118164,19.799999237060547,17.344999313354492,18.38999938964844,28540900,0,0,8.601690639419412e-08
2022-05-23,18.309999465942383,18.559999465942383,17.700000762939453,18.39999961853028,15852300,0,0,5.425072090503773e-08
2022-05-24,17.969999313354492,18.299999237060547,16.860000610351562,17.100000381469727,18049800,0,0,7.977920124926507e-08
2022-05-25,17.045000076293945,17.59000015258789,16.760000228881836,17.450000762939453,18661600,0,0,4.4476353780279006e-08
2022-05-26,17.260000228881836,19.299999237060547,17.200000762939453,18.88999938964844,25111700,0,0,8.36262966713163e-08
2022-05-27,19.229999542236328,19.8799991607666,19.1299991607666,19.82999992370605,19140000,0,0,3.9184952978056425e-08
2022-05-31,20.06999969482422,20.725000381469727,19.3799991607666,20.18000030517578,24021300,0,0,5.599202460745776e-08
2022-06-01,20.299999237060547,20.545000076293945,19.26300048828125,19.5,15746900,0,0,8.141282335016389e-08
2022-06-02,19.309999465942383,20.150999069213867,18.89999961853028,19.959999084472656,15584200,0,0,8.027357520332094e-08
2022-06-03,19.239999771118164,19.3799991607666,18.32200050354004,18.670000076293945,18144900,0,0,5.8308321193644644e-08
2022-06-06,19.040000915527344,19.979999542236328,18.790000915527344,19.14999961853028,15920900,0,0,7.4744431954788e-08
2022-06-07,18.920000076293945,19.395000457763672,18.63999938964844,18.959999084472656,12598000,0,0,5.993023242699115e-08
2022-06-08,19.01000022888184,20.11000061035156,18.96999931335449,19.59000015258789,15619300,0,0,7.298670855909486e-08
2022-06-09,19.3439998626709,19.65999984741211,18.799999237060547,18.8799991607666,16010800,0,0,5.371378134456508e-08
2022-06-10,18.520000457763672,19.13999938964844,18.0,18.020000457763672,14364300,0,0,7.936337932571984e-08
2022-06-13,17.010000228881836,17.190000534057617,16.15999984741211,16.309999465942383,18563800,0,0,5.5484366705389424e-08
2022-06-14,16.5,16.950000762939453,15.800000190734863,16.600000381469727,15723100,0,0,7.314082923880087e-08
2022-06-15,16.299999237060547,17.65999984741211,16.219999313354492,17.520000457763672,17671300,0,0,8.148809278647395e-08
2022-06-16,16.850000381469727,17.0,15.300000190734863,15.550000190734863,19089800,0,0,8.90527825993534e-08
2022-06-17,15.989999771118164,16.809999465942383,15.611000061035156,16.6299991607666,24044000,0,0,4.9866885913626134e-08
2022-06-21,17.15999984741211,18.684999465942383,17.149999618530273,17.899999618530273,21750400,0,0,7.057340772639167e-08
2022-06-22,17.65999984741211,18.57999992370605,17.479999542236328,18.030000686645508,14301300,0,0,7.69161112255338e-08
2022-06-23,18.11000061035156,19.64999961853028,17.989999771118164,19.299999237060547,24147000,0,0,6.874559354835422e-08
2022-06-24,19.59000015258789,19.8700008392334,18.770000457763672,19.209999084472656,50117000,0,0,2.1948647793557607e-08
2022-06-27,19.01000022888184,19.34000015258789,17.940000534057617,18.38999938964844,16882600,0,0,8.292559312725966e-08
2022-06-28,18.25,18.757999420166016,17.850000381469727,17.940000534057617,11466100,0,0,7.91898761301828e-08
2022-06-29,17.690000534057617,17.93000030517578,17.200000762939453,17.299999237060547,10918300,0,0,6.686018356670253e-08
2022-06-30,17.239999771118164,17.65999984741211,16.545000076293945,17.15999984741211,13188800,0,0,8.454141173709238e-08
2022-07-01,17.05500030517578,17.520000457763672,16.43000030517578,17.0,14083100,0,0,7.739774286825277e-08
2022-07-05,16.780000686645508,17.239999771118164,16.350000381469727,17.229999542236328,14868300,0,0,5.98588533758693e-08
2022-07-06,17.350000381469727,18.51000022888184,17.309999465942383,18.21999931335449,21390600,0,0,5.6099443818287154e-08
2022-07-07,18.290000915527344,19.875,18.059999465942383,19.809999465942383,19510400,0,0,9.302733588535433e-08
2022-07-08,19.440000534057617,20.61000061035156,19.31999969482422,19.989999771118164,24362100,0,0,5.295113785459152e-08
2022-07-11,19.920000076293945,20.020000457763672,18.5,18.530000686645508,11665000,0,0,1.303043684323765e-07
2022-07-12,18.739999771118164,19.459999084472656,18.2450008392334,19.32999992370605,12437500,0,0,9.768830112476445e-08
2022-07-13,18.64999961853028,19.749000549316406,18.549999237060547,19.51000022888184,12273100,0,0,9.769343623500658e-08
2022-07-14,19.440000534057617,20.14999961853028,18.959999084472656,20.11000061035156,12948500,0,0,9.190257821814245e-08
2022-07-15,20.1200008392334,20.290000915527344,19.209999084472656,19.68000030517578,13949500,0,0,7.742226108854707e-08
2022-07-18,20.06999969482422,21.07999992370605,19.86000061035156,19.959999084472656,17273800,0,0,7.062715287629196e-08
2022-07-19,20.489999771118164,20.549999237060547,19.86000061035156,20.3799991607666,11280300,0,0,6.116846419944366e-08
2022-07-20,20.36000061035156,21.34000015258789,20.36000061035156,21.270000457763672,15250100,0,0,6.42618436755384e-08
2022-07-21,21.13999938964844,21.780000686645508,20.7810001373291,21.479999542236328,15841800,0,0,6.306105046878552e-08
2022-07-22,21.450000762939453,21.450000762939453,19.540000915527344,19.68000030517578,14026800,0,0,1.3616789627086073e-07
2022-07-25,19.780000686645508,19.89999961853028,18.63999938964844,18.739999771118164,11624200,0,0,1.0839457587462673e-07
2022-07-26,18.479999542236328,18.565000534057617,17.889999389648438,18.09000015258789,11087900,0,0,6.087727562560808e-08
2022-07-27,18.440000534057617,18.59499931335449,17.8700008392334,18.43000030517578,15566000,0,0,4.657577246056108e-08
2022-07-28,18.739999771118164,19.02400016784668,17.774999618530273,18.239999771118164,16839400,0,0,7.417132138415895e-08
2022-07-29,18.0,18.290000915527344,17.8799991607666,18.25,16504000,0,0,2.4842568756710023e-08
2022-08-01,18.209999084472656,18.690000534057617,17.770000457763672,18.530000686645508,15465800,0,0,5.9486096826154834e-08
2022-08-02,18.21999931335449,19.989999771118164,17.81999969482422,19.729999542236328,20507400,0,0,1.058154654560766e-07
2022-08-03,19.81999969482422,20.6200008392334,19.530000686645508,20.559999465942383,29292200,0,0,3.721127646909044e-08
2022-08-04,18.040000915527344,18.86000061035156,18.0,18.559999465942383,37355200,0,0,2.3022246175942373e-08
2022-08-05,18.39999961853028,18.600000381469727,17.920000076293945,18.049999237060547,16542600,0,0,4.1106011459854026e-08
2022-08-08,18.18000030517578,19.709999084472656,18.075000762939453,18.71999931335449,21703000,0,0,7.533512977621543e-08
2022-08-09,18.520000457763672,18.530000686645508,17.125,17.459999084472656,23944600,0,0,5.8677141678938384e-08
2022-08-10,18.06999969482422,18.34000015258789,17.510000228881836,18.21999931335449,19041300,0,0,4.358945679686024e-08
2022-08-11,18.38999938964844,18.920000076293945,18.020000457763672,18.09000015258789,19662500,0,0,4.577239000789693e-08
2022-08-12,18.25,18.709999084472656,17.82900047302246,18.65999984741211,13906200,0,0,6.33529369238322e-08
2022-08-15,18.36000061035156,19.07999992370605,18.309999465942383,18.76000022888184,10488300,0,0,7.341518241885452e-08
2022-08-16,18.6200008392334,19.155000686645508,18.18000030517578,18.93000030517578,12979600,0,0,7.511790667429863e-08
2022-08-17,18.65999984741211,18.790000915527344,18.14999961853028,18.459999084472656,11017300,0,0,5.8090575458331024e-08
2022-08-18,18.57999992370605,18.600000381469727,18.010000228881836,18.229999542236328,10206400,0,0,5.78068812301978e-08
2022-08-19,17.979999542236328,17.989999771118164,16.690000534057617,16.75,26005800,0,0,4.9988819304176265e-08
2022-08-22,16.774999618530273,16.774999618530273,16.030000686645508,16.100000381469727,15375300,0,0,4.845426963277241e-08
2022-08-23,16.260000228881836,16.440000534057617,15.949999809265137,15.979999542236328,11651100,0,0,4.2056177081346864e-08
2022-08-24,16.25,16.84000015258789,15.954999923706056,16.440000534057617,11934800,0,0,7.415291658694207e-08
2022-08-25,16.700000762939453,17.229999542236328,16.579999923706055,16.979999542236328,10480900,0,0,6.201753842993191e-08
2022-08-26,17.100000381469727,17.280000686645508,16.209999084472656,16.239999771118164,13160300,0,0,8.130525916376159e-08
2022-08-29,16.09000015258789,16.450000762939453,15.859999656677246,16.170000076293945,8469300,0,0,6.96635030359306e-08
2022-08-30,15.800000190734863,15.850000381469728,14.890000343322754,15.149999618530272,27308600,0,0,3.515376248313618e-08
2022-08-31,15.31999969482422,15.519000053405762,14.960000038146973,15.34000015258789,13917200,0,0,4.016612646644361e-08
2022-09-01,15.210000038146973,15.404999732971191,14.789999961853027,15.380000114440918,13605600,0,0,4.5201958834462584e-08
2022-09-02,15.470000267028809,15.630000114440918,14.989999771118164,15.15999984741211,13695300,0,0,4.673138546236693e-08
2022-09-06,15.039999961853027,15.130000114440918,14.579999923706056,14.609999656677246,17263300,0,0,3.185950488810733e-08
2022-09-07,14.46399974822998,14.75,13.86299991607666,14.699999809265137,17388200,0,0,5.1011610398048094e-08
2022-09-08,14.460000038146973,14.989999771118164,14.385000228881836,14.989999771118164,11854400,0,0,5.10358636655021e-08
2022-09-09,15.0,15.420000076293944,14.93000030517578,15.079999923706056,17971300,0,0,2.7265683123544992e-08
2022-09-12,15.449999809265137,16.597000122070312,15.3100004196167,16.549999237060547,24276500,0,0,5.3014219613766944e-08
2022-09-13,15.8100004196167,16.68000030517578,15.640000343322754,16.100000381469727,21307200,0,0,4.880979020486161e-08
2022-09-14,16.020000457763672,16.8799991607666,15.975000381469728,16.6299991607666,21932200,0,0,4.126347467636056e-08
2022-09-15,16.399999618530273,17.329999923706055,16.34000015258789,16.489999771118164,19007500,0,0,5.208469136489091e-08
2022-09-16,16.1299991607666,17.690000534057617,16.079999923706055,16.18000030517578,50642800,0,0,3.179130321292588e-08
2022-09-19,16.059999465942383,16.40999984741211,15.4399995803833,15.9399995803833,18925100,0,0,5.12546970440742e-08
2022-09-20,15.81999969482422,15.951000213623049,15.229999542236328,15.34000015258789,12585600,0,0,5.728774721798871e-08
2022-09-21,15.390000343322754,16.15999984741211,15.279999732971191,15.5600004196167,16880000,0,0,5.213270820147618e-08
2022-09-22,15.449999809265137,15.579999923706056,14.119999885559082,14.3100004196167,20375900,0,0,7.165327853724118e-08
2022-09-23,14.170000076293944,14.25,13.579999923706056,14.029999732971191,18635800,0,0,3.5952310944201235e-08
2022-09-26,14.050000190734863,14.649999618530272,13.95199966430664,14.0600004196167,11486300,0,0,6.076804142531824e-08
2022-09-27,14.8100004196167,15.18000030517578,14.149999618530272,14.40999984741211,20173200,0,0,5.105787315078956e-08
2022-09-28,14.520000457763672,15.31999969482422,14.354999542236328,15.220000267028809,15089800,0,0,6.39504932197836e-08
2022-09-29,14.979999542236328,15.0,13.989999771118164,14.1899995803833,14253500,0,0,7.085980488173683e-08
2022-09-30,14.050000190734863,14.4399995803833,13.869999885559082,13.970000267028809,12259300,0,0,4.6495288868387183e-08
2022-10-03,14.0,14.220000267028809,13.520000457763672,14.09000015258789,19230900,0,0,3.639974256353768e-08
2022-10-04,14.510000228881836,15.68000030517578,14.510000228881836,15.399999618530272,22799900,0,0,5.13160178901638e-08
2022-10-05,14.961000442504885,15.170000076293944,14.510000228881836,14.989999771118164,11615300,0,0,5.6821592848407655e-08
2022-10-06,15.017999649047852,15.300000190734863,14.30500030517578,14.40999984741211,13163700,0,0,7.55866424758299e-08
2022-10-07,14.060999870300291,14.18000030517578,13.119999885559082,13.170000076293944,21772500,0,0,4.86852873862303e-08
2022-10-10,13.229999542236328,13.260000228881836,12.289999961853027,12.479999542236328,20767800,0,0,4.67069341494433e-08
2022-10-11,12.43000030517578,13.217000007629396,12.199999809265137,12.649999618530272,22025100,0,0,4.6174600722096964e-08
2022-10-12,13.25,13.5,12.609999656677246,13.09000015258789,23191800,0,0,3.8375647570380647e-08
2022-10-13,12.739999771118164,13.239999771118164,12.375,13.010000228881836,20889200,0,0,4.140894678198131e-08
2022-10-14,13.18000030517578,13.220000267028809,11.869999885559082,11.890000343322754,23536700,0,0,5.7357249804336483e-08
2022-10-17,12.350000381469728,12.920000076293944,12.343999862670898,12.40999984741211,18897300,0,0,3.0480556144160644e-08
2022-10-18,12.920000076293944,13.15999984741211,12.515000343322754,13.010000228881836,16688500,0,0,3.864933961047161e-08
2022-10-19,12.845000267028809,12.93000030517578,12.449999809265137,12.640000343322754,11700900,0,0,4.102252783210219e-08
2022-10-20,12.710000038146973,13.100000381469728,12.359999656677246,12.600000381469728,17586500,0,0,4.2077771290050926e-08
2022-10-21,12.460000038146973,13.420000076293944,12.279999732971191,13.3100004196167,17222200,0,0,6.619365373313248e-08
2022-10-24,13.170000076293944,13.175000190734863,12.529999732971191,12.800000190734863,14457700,0,0,4.461293689616411e-08
2022-10-25,12.899999618530272,14.170000076293944,12.899999618530272,13.920000076293944,22487600,0,0,5.6475589114163895e-08
2022-10-26,13.739999771118164,14.520000457763672,13.619999885559082,13.90999984741211,15071200,0,0,5.971658343095374e-08
2022-10-27,14.050000190734863,14.380000114440918,13.68000030517578,13.789999961853027,11174000,0,0,6.26454098143133e-08
2022-10-28,13.789999961853027,14.300000190734863,13.649999618530272,14.229999542236328,12837100,0,0,5.063453367229279e-08
2022-10-31,14.15999984741211,14.675000190734863,14.045000076293944,14.289999961853027,24662300,0,0,2.554506734736493e-08
2022-11-01,14.670000076293944,14.84000015258789,13.600000381469728,13.619999885559082,14636500,0,0,8.471969194262044e-08
2022-11-02,13.670000076293944,14.350000381469728,13.3149995803833,13.34000015258789,14289000,0,0,7.243339639487898e-08
2022-11-03,13.229999542236328,14.074999809265137,13.149999618530272,13.640000343322754,10715300,0,0,8.632517901830684e-08
2022-11-04,14.039999961853027,14.34000015258789,13.300000190734863,13.890000343322754,19218400,0,0,5.411480465871393e-08
2022-11-07,14.050000190734863,14.199999809265137,13.204999923706056,13.850000381469728,16368000,0,0,6.078933807179144e-08
2022-11-08,13.90999984741211,14.039999961853027,13.06999969482422,13.5,23031500,0,0,4.211624371095276e-08
2022-11-09,12.489999771118164,12.529999732971191,10.890000343322754,11.210000038146973,52598500,0,0,3.117958477234973e-08
2022-11-10,12.010000228881836,12.34000015258789,11.369999885559082,12.109999656677246,42963100,0,0,2.257752040771752e-08
2022-11-11,12.130000114440918,13.178999900817873,12.06999969482422,12.90999984741211,29191500,0,0,3.799051799303401e-08
2022-11-14,12.880000114440918,12.960000038146973,12.10200023651123,12.210000038146973,18403800,0,0,4.6620795794115466e-08
2022-11-15,12.71500015258789,12.81999969482422,12.300000190734863,12.359999656677246,21745000,0,0,2.3913520537565212e-08
2022-11-16,12.300000190734863,12.300000190734863,11.31999969482422,11.369999885559082,23032400,0,0,4.254877893361719e-08
2022-11-17,11.239999771118164,11.489999771118164,11.029999732971191,11.460000038146973,18377400,0,0,2.503074635949441e-08
2022-11-18,11.579999923706056,11.65999984741211,11.085000038146973,11.260000228881836,14755900,0,0,3.896745093590609e-08
2022-11-21,11.109999656677246,11.109999656677246,10.25,10.3100004196167,32052700,0,0,2.6830802293636607e-08
2022-11-22,10.390000343322754,10.390000343322754,9.979999542236328,10.130000114440918,23082800,0,0,1.7762177945761596e-08
2022-11-23,10.239999771118164,10.350000381469728,10.050999641418455,10.25,18478600,0,0,1.6180919552956907e-08
2022-11-25,10.270000457763672,10.279999732971191,9.96500015258789,10.020000457763672,12414200,0,0,2.5374134489802065e-08
2022-11-28,9.984999656677246,10.187999725341797,9.829999923706056,9.850000381469728,24142600,0,0,1.4828552087834044e-08
2022-11-29,10.050000190734863,10.06999969482422,9.699999809265137,9.760000228881836,19666600,0,0,1.8813617277977995e-08
2022-11-30,9.859999656677246,10.359999656677246,9.84000015258789,10.140000343322754,69551900,0,0,7.476424139230638e-09
2022-12-01,10.104999542236328,10.234999656677246,9.56999969482422,9.829999923706056,27314300,0,0,2.4346220179650493e-08
2022-12-02,9.640000343322754,10.164999961853027,9.550000190734863,10.149999618530272,27411500,0,0,2.2435830622846764e-08
2022-12-05,10.109999656677246,10.1899995803833,9.399999618530272,9.43000030517578,26098200,0,0,3.027028537803478e-08
2022-12-06,9.520000457763672,9.520000457763672,8.539999961853027,8.649999618530273,39132200,0,0,2.50433273853922e-08
2022-12-07,8.5,8.734999656677246,8.28499984741211,8.609999656677246,23903900,0,0,1.8825371979682675e-08
2022-12-08,8.619999885559082,8.84000015258789,8.404999732971191,8.680000305175781,24855900,0,0,1.7500891925727864e-08
2022-12-09,8.529999732971191,8.6899995803833,8.140000343322754,8.680000305175781,42930700,0,0,1.2811327023797582e-08
2022-12-12,8.539999961853027,8.59000015258789,8.130000114440918,8.279999732971191,26159800,0,0,1.75842337535827e-08
2022-12-13,8.699999809265137,8.954999923706055,7.940000057220459,7.989999771118164,40408100,0,0,2.5118722891835937e-08
2022-12-14,7.960000038146973,7.96999979019165,7.590000152587891,7.679999828338623,29881900,0,0,1.2716716059010963e-08
2022-12-15,7.710000038146973,7.820000171661377,7.429999828338623,7.449999809265137,31343400,0,0,1.2442821880292308e-08
2022-12-16,7.40500020980835,7.619999885559082,7.184999942779541,7.369999885559082,41730500,0,0,1.042402901425914e-08
